seed,day,living,births,pregnancies,generation_count,facilities,chunks,survival_pct,social_pct,family_pct,civilization_pct,idle_pct,failed_retry_pct,snapshot_bytes,peak_rss_kib,elapsed_wall_ms
874213954,1,4,0,0,1,3,2,57.5694,0.0,0.0,24.4792,17.8993,0.0521,58087,15016,349
874213954,7,4,0,0,1,10,2,54.2212,0.0,0.0,32.9365,12.8348,0.0074,237159,15016,1552
874213954,30,4,0,0,1,12,2,51.5133,0.0,0.0,36.526,11.9589,0.0017,524737,15016,7301
874213954,100,4,0,0,1,34,32,60.3135,0.0,0.0,30.3217,9.3319,0.0328,848459,15016,80952
874213954,365,3,0,0,1,66,62,63.0172,0.0,0.0,29.0883,7.8043,0.0902,1719639,19328,341552
874213954,1000,3,0,0,1,69,72,62.3354,0.0,0.0,29.437,8.0192,0.2083,3489811,36256,1089650
4242001,1,4,0,0,1,4,2,53.1424,0.0,0.0,28.2639,18.5938,0.0,55369,15016,705
4242001,7,4,0,0,1,13,2,55.6796,0.0,0.0,32.6736,11.6468,0.0,202357,15016,3080
4242001,30,4,0,0,1,16,2,58.2431,0.0,0.0,32.7512,9.0058,0.0,343802,15016,13583
4242001,100,4,0,0,1,38,28,57.9844,0.0,0.0,33.6155,8.3965,0.0036,854814,15016,50894
4242001,365,3,0,0,1,70,99,60.461,0.0,0.0,31.6012,7.8811,0.0567,1967818,21404,586845
4242001,1000,3,0,0,1,81,104,60.0179,0.0,0.0,32.2729,7.6154,0.0938,3996276,38300,1811699
